session_id,timestamp_ms,phase,event_type,gaze_x,gaze_y,click_x,click_y,element_type,card_row,card_col,card_id,card_image_name,matched,game_time_ms
20251212_134053,49254142,memorization,phase_start,,,,,,,,,,,0
20251212_134053,49254226,memorization,gaze_sample,772,1012,,,card,2,2,4,4.png,,0
20251212_134053,49254291,memorization,gaze_sample,1010,964,,,card,2,2,4,4.png,,0
20251212_134053,49254354,memorization,gaze_sample,1088,966,,,grid_frame,,,,,,0
20251212_134053,49254417,memorization,gaze_sample,930,906,,,card,2,2,4,4.png,,0
20251212_134053,49254477,memorization,gaze_sample,933,919,,,card,2,2,4,4.png,,0
20251212_134053,49254537,memorization,gaze_sample,932,844,,,card,2,2,4,4.png,,0
20251212_134053,49254606,memorization,gaze_sample,958,849,,,card,2,2,4,4.png,,0
20251212_134053,49254666,memorization,gaze_sample,828,828,,,card,2,2,4,4.png,,0
20251212_134053,49254734,memorization,gaze_sample,871,872,,,card,2,2,4,4.png,,0
20251212_134053,49254790,memorization,gaze_sample,805,865,,,card,2,2,4,4.png,,0
20251212_134053,49254852,memorization,gaze_sample,908,949,,,card,2,2,4,4.png,,0
20251212_134053,49254914,memorization,gaze_sample,795,898,,,card,2,2,4,4.png,,0
20251212_134053,49254977,memorization,gaze_sample,879,887,,,card,2,2,4,4.png,,0
20251212_134053,49255039,memorization,gaze_sample,937,868,,,card,2,2,4,4.png,,0
20251212_134053,49255102,memorization,gaze_sample,1048,946,,,card,2,2,4,4.png,,0
20251212_134053,49255163,memorization,gaze_sample,976,998,,,card,2,2,4,4.png,,0
20251212_134053,49255230,memorization,gaze_sample,984,1113,,,card,2,2,4,4.png,,0
20251212_134053,49255290,memorization,gaze_sample,841,1182,,,card,2,2,4,4.png,,0
20251212_134053,49255348,memorization,gaze_sample,928,1241,,,card,2,2,4,4.png,,0
20251212_134053,49255417,memorization,gaze_sample,762,1167,,,card,2,2,4,4.png,,0
20251212_134053,49255479,memorization,gaze_sample,618,1022,,,card,2,2,4,4.png,,0
20251212_134053,49255538,memorization,gaze_sample,520,1025,,,card,2,1,3,3.png,,0
20251212_134053,49255601,memorization,gaze_sample,538,1013,,,card,2,1,3,3.png,,0
20251212_134053,49255659,memorization,gaze_sample,337,1029,,,card,2,1,3,3.png,,0
20251212_134053,49255741,memorization,gaze_sample,400,1018,,,card,2,1,3,3.png,,0
20251212_134053,49255793,memorization,gaze_sample,455,1086,,,card,2,1,3,3.png,,0
20251212_134053,49255857,memorization,gaze_sample,470,1030,,,card,2,1,3,3.png,,0
20251212_134053,49255925,memorization,gaze_sample,475,982,,,card,2,1,3,3.png,,0
20251212_134053,49255985,memorization,gaze_sample,486,937,,,card,2,1,3,3.png,,0
20251212_134053,49256039,memorization,gaze_sample,434,926,,,card,2,1,3,3.png,,0
20251212_134053,49256108,memorization,gaze_sample,424,908,,,card,2,1,3,3.png,,0
20251212_134053,49256176,memorization,gaze_sample,427,893,,,card,2,1,3,3.png,,0
20251212_134053,49256238,memorization,gaze_sample,486,901,,,card,2,1,3,3.png,,0
20251212_134053,49256294,memorization,gaze_sample,503,897,,,card,2,1,3,3.png,,0
20251212_134053,49256358,memorization,gaze_sample,690,964,,,card,2,2,4,4.png,,0
20251212_134053,49256422,memorization,gaze_sample,724,977,,,card,2,2,4,4.png,,0
20251212_134053,49256483,memorization,gaze_sample,732,956,,,card,2,2,4,4.png,,0
20251212_134053,49256537,memorization,gaze_sample,679,973,,,card,2,2,4,4.png,,0
20251212_134053,49256605,memorization,gaze_sample,687,945,,,card,2,2,4,4.png,,0
20251212_134053,49256669,memorization,gaze_sample,511,875,,,card,2,1,3,3.png,,0
20251212_134053,49256731,memorization,gaze_sample,507,865,,,card,2,1,3,3.png,,0
20251212_134053,49256793,memorization,gaze_sample,480,804,,,grid_frame,,,,,,0
20251212_134053,49256860,memorization,gaze_sample,483,802,,,grid_frame,,,,,,0
20251212_134053,49256919,memorization,gaze_sample,644,883,,,card,2,2,4,4.png,,0
20251212_134053,49256972,memorization,gaze_sample,626,794,,,grid_frame,,,,,,0
20251212_134053,49257039,memorization,gaze_sample,779,865,,,card,2,2,4,4.png,,0
20251212_134053,49257102,memorization,gaze_sample,1003,1014,,,card,2,2,4,4.png,,0
20251212_134053,49257166,memorization,gaze_sample,950,920,,,card,2,2,4,4.png,,0
20251212_134053,49257230,memorization,gaze_sample,928,899,,,card,2,2,4,4.png,,0
20251212_134053,49257290,memorization,gaze_sample,975,1002,,,card,2,2,4,4.png,,0
20251212_134053,49257353,memorization,gaze_sample,769,842,,,card,2,2,4,4.png,,0
20251212_134053,49257420,memorization,gaze_sample,552,790,,,grid_frame,,,,,,0
20251212_134053,49257482,memorization,gaze_sample,590,907,,,card,2,2,4,4.png,,0
20251212_134053,49257539,memorization,gaze_sample,434,862,,,card,2,1,3,3.png,,0
20251212_134053,49257605,memorization,gaze_sample,376,769,,,grid_frame,,,,,,0
20251212_134053,49257666,memorization,gaze_sample,467,881,,,card,2,1,3,3.png,,0
20251212_134053,49257731,memorization,gaze_sample,480,756,,,grid_frame,,,,,,0
20251212_134053,49257789,memorization,gaze_sample,512,613,,,card,1,1,2,2.png,,0
20251212_134053,49257853,memorization,gaze_sample,499,626,,,card,1,1,2,2.png,,0
20251212_134053,49257924,memorization,gaze_sample,518,735,,,card,1,1,2,2.png,,0
20251212_134053,49257984,memorization,gaze_sample,644,771,,,grid_frame,,,,,,0
20251212_134053,49258039,memorization,gaze_sample,657,893,,,card,2,2,4,4.png,,0
20251212_134053,49258107,memorization,gaze_sample,622,891,,,card,2,2,4,4.png,,0
20251212_134053,49258165,memorization,gaze_sample,811,938,,,card,2,2,4,4.png,,0
20251212_134053,49258226,memorization,gaze_sample,855,899,,,card,2,2,4,4.png,,0
20251212_134053,49258290,memorization,gaze_sample,732,870,,,card,2,2,4,4.png,,0
20251212_134053,49258350,memorization,gaze_sample,696,746,,,card,1,2,4,4.png,,0
20251212_134053,49258414,memorization,gaze_sample,736,865,,,card,2,2,4,4.png,,0
20251212_134053,49258485,memorization,gaze_sample,560,791,,,grid_frame,,,,,,0
20251212_134053,49258539,memorization,gaze_sample,532,832,,,card,2,1,3,3.png,,0
20251212_134053,49258601,memorization,gaze_sample,461,815,,,card,2,1,3,3.png,,0
20251212_134053,49258662,memorization,gaze_sample,468,822,,,card,2,1,3,3.png,,0
20251212_134053,49258727,memorization,gaze_sample,415,799,,,grid_frame,,,,,,0
20251212_134053,49258791,memorization,gaze_sample,388,846,,,card,2,1,3,3.png,,0
20251212_134053,49258850,memorization,gaze_sample,373,881,,,card,2,1,3,3.png,,0
20251212_134053,49258912,memorization,gaze_sample,573,944,,,grid_frame,,,,,,0
20251212_134053,49258973,memorization,gaze_sample,619,1079,,,card,2,2,4,4.png,,0
20251212_134053,49259037,memorization,gaze_sample,654,992,,,card,2,2,4,4.png,,0
20251212_134053,49259102,memorization,gaze_sample,670,844,,,card,2,2,4,4.png,,0
20251212_134053,49259161,memorization,gaze_sample,671,804,,,grid_frame,,,,,,0
20251212_134053,49259304,memorization,phase_end,,,,,,,,,,,0
20251212_134053,49259304,play,phase_start,,,,,,,,,,,0
20251212_134053,49259328,play,gaze_sample,466,643,,,card,1,1,2,2.png,,25
20251212_134053,49259390,play,gaze_sample,632,675,,,card,1,2,4,4.png,,87
20251212_134053,49259418,play,gaze_sample,621,815,,,card,2,2,4,4.png,,115
20251212_134053,49259490,play,gaze_sample,656,953,,,card,2,2,4,4.png,,187
20251212_134053,49259537,play,gaze_sample,643,834,,,card,2,2,4,4.png,,234
20251212_134053,49259598,play,gaze_sample,662,936,,,card,2,2,4,4.png,,295
20251212_134053,49259670,play,gaze_sample,474,892,,,card,2,1,3,3.png,,367
20251212_134053,49259736,play,gaze_sample,480,742,,,card,1,1,2,2.png,,433
20251212_134053,49259785,play,gaze_sample,609,782,,,grid_frame,,,,,,482
20251212_134053,49259855,play,gaze_sample,622,875,,,card,2,2,4,4.png,,552
20251212_134053,49259924,play,gaze_sample,806,911,,,card,2,2,4,4.png,,621
20251212_134053,49259991,play,gaze_sample,804,1024,,,card,2,2,4,4.png,,688
20251212_134053,49260040,play,gaze_sample,773,1084,,,card,2,2,4,4.png,,737
20251212_134053,49260096,play,gaze_sample,773,1084,,,card,2,2,4,4.png,,793
20251212_134053,49260173,play,gaze_sample,564,985,,,grid_frame,,,,,,870
20251212_134053,49260241,play,gaze_sample,601,1035,,,card,2,2,4,4.png,,938
20251212_134053,49260289,play,gaze_sample,395,1031,,,card,2,1,3,3.png,,986
20251212_134053,49260402,play,click,416,942,314,517,card,1,1,2,2.png,0,1076
20251212_134053,49260426,play,gaze_sample,471,1031,,,card,2,1,3,3.png,,1123
20251212_134053,49260486,play,gaze_sample,704,1113,,,card,2,2,4,4.png,,1183
20251212_134053,49260539,play,gaze_sample,639,1100,,,card,2,2,4,4.png,,1236
20251212_134053,49260603,play,gaze_sample,647,1003,,,card,2,2,4,4.png,,1300
20251212_134053,49260670,play,gaze_sample,777,1007,,,card,2,2,4,4.png,,1367
20251212_134053,49260739,play,gaze_sample,727,981,,,card,2,2,4,4.png,,1436
20251212_134053,49260793,play,gaze_sample,530,938,,,card,2,1,3,3.png,,1490
20251212_134053,49260856,play,gaze_sample,781,953,,,card,2,2,4,4.png,,1553
20251212_134053,49260922,play,gaze_sample,894,1005,,,card,2,2,4,4.png,,1619
20251212_134053,49260983,play,gaze_sample,830,933,,,card,2,2,4,4.png,,1680
20251212_134053,49261038,play,gaze_sample,976,915,,,card,2,2,4,4.png,,1735
20251212_134053,49261104,play,gaze_sample,1105,888,,,card,2,3,1,1.png,,1801
20251212_134053,49261164,play,gaze_sample,990,828,,,card,2,2,4,4.png,,1861
20251212_134053,49261225,play,gaze_sample,989,819,,,card,2,2,4,4.png,,1922
20251212_134053,49261290,play,gaze_sample,1019,804,,,grid_frame,,,,,,1987
20251212_134053,49261356,play,gaze_sample,996,804,,,grid_frame,,,,,,2053
20251212_134053,49261421,play,gaze_sample,972,798,,,grid_frame,,,,,,2118
20251212_134053,49261485,play,gaze_sample,1030,839,,,card,2,2,4,4.png,,2182
20251212_134053,49261538,play,gaze_sample,1023,807,,,card,2,2,4,4.png,,2235
20251212_134053,49261602,play,gaze_sample,1051,901,,,card,2,2,4,4.png,,2299
20251212_134053,49261667,play,gaze_sample,997,917,,,card,2,2,4,4.png,,2364
20251212_134053,49261726,play,gaze_sample,961,958,,,card,2,2,4,4.png,,2423
20251212_134053,49261788,play,gaze_sample,843,930,,,card,2,2,4,4.png,,2485
20251212_134053,49261851,play,gaze_sample,759,990,,,card,2,2,4,4.png,,2548
20251212_134053,49261917,play,gaze_sample,644,934,,,card,2,2,4,4.png,,2614
20251212_134053,49261977,play,gaze_sample,781,980,,,card,2,2,4,4.png,,2674
20251212_134053,49262040,play,gaze_sample,739,995,,,card,2,2,4,4.png,,2737
20251212_134053,49262103,play,gaze_sample,724,1017,,,card,2,2,4,4.png,,2800
20251212_134053,49262166,play,gaze_sample,731,911,,,card,2,2,4,4.png,,2863
20251212_134053,49262227,play,gaze_sample,754,916,,,card,2,2,4,4.png,,2924
20251212_134053,49262288,play,gaze_sample,579,836,,,grid_frame,,,,,,2985
20251212_134053,49262352,play,gaze_sample,543,825,,,card,2,1,3,3.png,,3049
20251212_134053,49262417,play,gaze_sample,572,708,,,grid_frame,,,,,,3114
20251212_134053,49262476,play,gaze_sample,528,716,,,card,1,1,2,2.png,,3173
20251212_134053,49262550,play,click,530,740,823,517,card,1,2,4,4.png,0,3220
20251212_134053,49262573,play,gaze_sample,591,784,,,grid_frame,,,,,,3270
20251212_134053,49262608,play,gaze_sample,827,806,,,card,2,2,4,4.png,,3305
20251212_134053,49262662,play,gaze_sample,860,911,,,card,2,2,4,4.png,,3359
20251212_134053,49262728,play,gaze_sample,929,992,,,card,2,2,4,4.png,,3425
20251212_134053,49262792,play,gaze_sample,917,968,,,card,2,2,4,4.png,,3489
20251212_134053,49262852,play,gaze_sample,920,952,,,card,2,2,4,4.png,,3549
20251212_134053,49262913,play,gaze_sample,795,932,,,card,2,2,4,4.png,,3610
20251212_134053,49262976,play,gaze_sample,898,966,,,card,2,2,4,4.png,,3673
20251212_134053,49263039,play,gaze_sample,936,979,,,card,2,2,4,4.png,,3736
20251212_134053,49263107,play,gaze_sample,1030,989,,,card,2,2,4,4.png,,3804
20251212_134053,49263169,play,gaze_sample,1173,1036,,,card,2,3,1,1.png,,3866
20251212_134053,49263228,play,gaze_sample,1162,994,,,card,2,3,1,1.png,,3925
20251212_134053,49263290,play,gaze_sample,1103,966,,,card,2,3,1,1.png,,3987
20251212_134053,49263351,play,gaze_sample,1103,966,,,card,2,3,1,1.png,,4048
20251212_134053,49263400,play,click,1182,974,1332,517,card,1,3,1,1.png,0,4076
20251212_134053,49263457,play,gaze_sample,1134,950,,,card,2,3,1,1.png,,4154
20251212_134053,49263539,play,gaze_sample,1050,895,,,card,2,2,4,4.png,,4236
20251212_134053,49263602,play,gaze_sample,1101,890,,,card,2,3,1,1.png,,4299
20251212_134053,49263663,play,gaze_sample,1145,921,,,card,2,3,1,1.png,,4360
20251212_134053,49263742,play,gaze_sample,1068,877,,,grid_frame,,,,,,4439
20251212_134053,49263792,play,gaze_sample,1101,882,,,card,2,3,1,1.png,,4489
20251212_134053,49263854,play,gaze_sample,1172,907,,,card,2,3,1,1.png,,4551
20251212_134053,49263916,play,gaze_sample,1110,1040,,,card,2,3,1,1.png,,4613
20251212_134053,49263972,play,gaze_sample,1110,1040,,,card,2,3,1,1.png,,4669
20251212_134053,49264036,play,gaze_sample,1101,975,,,card,2,3,1,1.png,,4733
20251212_134053,49264102,play,gaze_sample,1205,1016,,,card,2,3,1,1.png,,4799
20251212_134053,49264168,play,gaze_sample,1260,1029,,,card,2,3,1,1.png,,4865
20251212_134053,49264228,play,gaze_sample,1172,1051,,,card,2,3,1,1.png,,4925
20251212_134053,49264289,play,gaze_sample,1302,1000,,,card,2,3,1,1.png,,4986
20251212_134053,49264350,play,gaze_sample,1302,1000,,,card,2,3,1,1.png,,5047
20251212_134053,49264414,play,gaze_sample,1302,1000,,,card,2,3,1,1.png,,5111
20251212_134053,49264474,play,gaze_sample,1302,1000,,,card,2,3,1,1.png,,5171
20251212_134053,49264536,play,gaze_sample,1364,1054,,,card,2,3,1,1.png,,5233
20251212_134053,49264599,play,gaze_sample,1364,1054,,,card,2,3,1,1.png,,5296
20251212_134053,49264664,play,gaze_sample,1393,1067,,,card,2,3,1,1.png,,5361
20251212_134053,49264731,play,gaze_sample,1425,1082,,,card,2,3,1,1.png,,5428
20251212_134053,49264793,play,gaze_sample,1522,1079,,,card,2,3,1,1.png,,5490
20251212_134053,49264854,play,gaze_sample,1484,1039,,,card,2,3,1,1.png,,5551
20251212_134053,49264917,play,gaze_sample,1414,1015,,,card,2,3,1,1.png,,5614
20251212_134053,49264973,play,gaze_sample,1414,1015,,,card,2,3,1,1.png,,5670
20251212_134053,49265037,play,gaze_sample,1393,1019,,,card,2,3,1,1.png,,5734
20251212_134053,49265102,play,gaze_sample,1409,1030,,,card,2,3,1,1.png,,5799
20251212_134053,49265162,play,gaze_sample,1315,1014,,,card,2,3,1,1.png,,5859
20251212_134053,49265224,play,gaze_sample,1315,1014,,,card,2,3,1,1.png,,5921
20251212_134053,49265286,play,gaze_sample,1315,1014,,,card,2,3,1,1.png,,5983
20251212_134053,49265350,play,gaze_sample,1315,1014,,,card,2,3,1,1.png,,6047
20251212_134053,49265415,play,gaze_sample,1315,1014,,,card,2,3,1,1.png,,6112
20251212_134053,49265477,play,gaze_sample,1315,1014,,,card,2,3,1,1.png,,6174
20251212_134053,49265534,play,gaze_sample,1315,1014,,,card,2,3,1,1.png,,6231
20251212_134053,49265604,play,gaze_sample,1348,1033,,,card,2,3,1,1.png,,6301
20251212_134053,49265672,play,gaze_sample,1408,1077,,,card,2,3,1,1.png,,6369
20251212_134053,49265709,play,click,1326,1064,1841,517,card,1,4,3,3.png,0,6384
20251212_134053,49265733,play,gaze_sample,1208,1055,,,card,2,3,1,1.png,,6430
20251212_134053,49265789,play,gaze_sample,1195,1053,,,card,2,3,1,1.png,,6486
20251212_134053,49265855,play,gaze_sample,1195,1053,,,card,2,3,1,1.png,,6552
20251212_134053,49265914,play,gaze_sample,1191,1072,,,card,2,3,1,1.png,,6611
20251212_134053,49265978,play,gaze_sample,1174,1081,,,card,2,3,1,1.png,,6675
20251212_134053,49266037,play,gaze_sample,1174,1081,,,card,2,3,1,1.png,,6734
20251212_134053,49266101,play,gaze_sample,1174,1081,,,card,2,3,1,1.png,,6798
20251212_134053,49266167,play,gaze_sample,1174,1081,,,card,2,3,1,1.png,,6864
20251212_134053,49266241,play,gaze_sample,1255,1112,,,card,2,3,1,1.png,,6938
20251212_134053,49266290,play,gaze_sample,1285,1112,,,card,2,3,1,1.png,,6987
20251212_134053,49266355,play,gaze_sample,1369,1168,,,card,2,3,1,1.png,,7052
20251212_134053,49266415,play,gaze_sample,1378,1125,,,card,2,3,1,1.png,,7112
20251212_134053,49266485,play,gaze_sample,1376,1080,,,card,2,3,1,1.png,,7182
20251212_134053,49266537,play,gaze_sample,1338,994,,,card,2,3,1,1.png,,7234
20251212_134053,49266603,play,gaze_sample,1352,939,,,card,2,3,1,1.png,,7300
20251212_134053,49266642,play,click,1324,840,1841,1039,card,2,4,2,2.png,0,7319
20251212_134053,49266662,play,gaze_sample,1316,858,,,card,2,3,1,1.png,,7359
20251212_134053,49266739,play,gaze_sample,1316,858,,,card,2,3,1,1.png,,7436
20251212_134053,49266787,play,gaze_sample,1316,858,,,card,2,3,1,1.png,,7484
20251212_134053,49266856,play,gaze_sample,1330,880,,,card,2,3,1,1.png,,7553
20251212_134053,49266923,play,gaze_sample,1308,909,,,card,2,3,1,1.png,,7620
20251212_134053,49266984,play,gaze_sample,1308,909,,,card,2,3,1,1.png,,7681
20251212_134053,49267045,play,gaze_sample,1340,933,,,card,2,3,1,1.png,,7742
20251212_134053,49267103,play,gaze_sample,1340,933,,,card,2,3,1,1.png,,7800
20251212_134053,49267173,play,gaze_sample,1211,981,,,card,2,3,1,1.png,,7870
20251212_134053,49267227,play,gaze_sample,1095,943,,,grid_frame,,,,,,7924
20251212_134053,49267290,play,gaze_sample,943,871,,,card,2,2,4,4.png,,7987
20251212_134053,49267353,play,gaze_sample,796,818,,,card,2,2,4,4.png,,8050
20251212_134053,49267420,play,gaze_sample,568,767,,,grid_frame,,,,,,8117
20251212_134053,49267488,play,gaze_sample,702,767,,,grid_frame,,,,,,8185
20251212_134053,49267539,play,gaze_sample,624,771,,,grid_frame,,,,,,8236
20251212_134053,49267605,play,gaze_sample,578,763,,,grid_frame,,,,,,8302
20251212_134053,49267663,play,gaze_sample,519,737,,,card,1,1,2,2.png,,8360
20251212_134053,49267730,play,gaze_sample,475,719,,,card,1,1,2,2.png,,8427
20251212_134053,49267788,play,gaze_sample,253,690,,,card,1,1,2,2.png,,8485
20251212_134053,49267855,play,gaze_sample,227,621,,,card,1,1,2,2.png,,8552
20251212_134053,49267914,play,gaze_sample,374,700,,,card,1,1,2,2.png,,8611
20251212_134053,49267987,play,gaze_sample,382,707,,,card,1,1,2,2.png,,8684
20251212_134053,49268039,play,gaze_sample,432,818,,,card,2,1,3,3.png,,8736
20251212_134053,49268105,play,gaze_sample,436,745,,,card,1,1,2,2.png,,8802
20251212_134053,49268170,play,gaze_sample,415,750,,,card,1,1,2,2.png,,8867
20251212_134053,49268240,play,gaze_sample,198,648,,,card,1,1,2,2.png,,8938
20251212_134053,49268293,play,gaze_sample,207,747,,,card,1,1,2,2.png,,8990
20251212_134053,49268352,play,gaze_sample,407,772,,,grid_frame,,,,,,9049
20251212_134053,49268422,play,gaze_sample,409,765,,,grid_frame,,,,,,9119
20251212_134053,49268486,play,gaze_sample,371,735,,,card,1,1,2,2.png,,9183
20251212_134053,49268538,play,gaze_sample,359,822,,,card,2,1,3,3.png,,9235
20251212_134053,49268607,play,gaze_sample,355,783,,,grid_frame,,,,,,9304
20251212_134053,49268673,play,gaze_sample,102,658,,,card,1,1,2,2.png,,9370
20251212_134053,49268738,play,gaze_sample,85,764,,,grid_frame,,,,,,9435
20251212_134053,49268784,play,gaze_sample,109,810,,,card,2,1,3,3.png,,9481
20251212_134053,49268852,play,gaze_sample,151,833,,,card,2,1,3,3.png,,9549
20251212_134053,49268920,play,gaze_sample,143,844,,,card,2,1,3,3.png,,9617
20251212_134053,49268987,play,gaze_sample,258,848,,,card,2,1,3,3.png,,9684
20251212_134053,49269041,play,gaze_sample,375,847,,,card,2,1,3,3.png,,9738
20251212_134053,49269100,play,gaze_sample,460,965,,,card,2,1,3,3.png,,9797
20251212_134053,49269171,play,gaze_sample,511,895,,,card,2,1,3,3.png,,9868
20251212_134053,49269228,play,gaze_sample,700,915,,,card,2,2,4,4.png,,9925
20251212_134053,49269290,play,gaze_sample,688,1027,,,card,2,2,4,4.png,,9987
20251212_134053,49269353,play,gaze_sample,771,994,,,card,2,2,4,4.png,,10050
20251212_134053,49269378,play,click,900,959,314,517,card,1,1,2,2.png,1,10051
20251212_134053,49269422,play,gaze_sample,913,1006,,,card,2,2,4,4.png,,10119
20251212_134053,49269475,play,gaze_sample,904,1049,,,card,2,2,4,4.png,,10172
20251212_134053,49269539,play,gaze_sample,1036,1051,,,card,2,2,4,4.png,,10236
20251212_134053,49269606,play,gaze_sample,894,1069,,,card,2,2,4,4.png,,10303
20251212_134053,49269670,play,gaze_sample,789,1040,,,card,2,2,4,4.png,,10367
20251212_134053,49269736,play,gaze_sample,904,1022,,,card,2,2,4,4.png,,10433
20251212_134053,49269786,play,gaze_sample,982,974,,,card,2,2,4,4.png,,10483
20251212_134053,49269855,play,gaze_sample,1006,950,,,card,2,2,4,4.png,,10552
20251212_134053,49269919,play,gaze_sample,1229,963,,,card,2,3,1,1.png,,10616
20251212_134053,49269988,play,gaze_sample,1301,1003,,,card,2,3,1,1.png,,10685
20251212_134053,49270037,play,gaze_sample,1319,1029,,,card,2,3,1,1.png,,10734
20251212_134053,49270104,play,gaze_sample,1250,992,,,card,2,3,1,1.png,,10801
20251212_134053,49270142,play,click,1279,992,1332,1039,card,2,3,1,1.png,0,10818
20251212_134053,49270161,play,gaze_sample,1264,971,,,card,2,3,1,1.png,,10858
20251212_134053,49270233,play,gaze_sample,1280,908,,,card,2,3,1,1.png,,10930
20251212_134053,49270287,play,gaze_sample,1095,912,,,grid_frame,,,,,,10984
20251212_134053,49270360,play,gaze_sample,1112,975,,,card,2,3,1,1.png,,11057
20251212_134053,49270416,play,gaze_sample,1060,968,,,grid_frame,,,,,,11113
20251212_134053,49270480,play,gaze_sample,997,935,,,card,2,2,4,4.png,,11177
20251212_134053,49270537,play,gaze_sample,932,937,,,card,2,2,4,4.png,,11234
20251212_134053,49270605,play,gaze_sample,967,843,,,card,2,2,4,4.png,,11302
20251212_134053,49270670,play,gaze_sample,870,815,,,card,2,2,4,4.png,,11367
20251212_134053,49270729,play,gaze_sample,793,869,,,card,2,2,4,4.png,,11426
20251212_134053,49270785,play,gaze_sample,714,1031,,,card,2,2,4,4.png,,11482
20251212_134053,49270854,play,gaze_sample,714,1031,,,card,2,2,4,4.png,,11551
20251212_134053,49270922,play,gaze_sample,718,1096,,,card,2,2,4,4.png,,11619
20251212_134053,49270981,play,gaze_sample,884,1171,,,card,2,2,4,4.png,,11678
20251212_134053,49271043,play,gaze_sample,1040,1205,,,card,2,2,4,4.png,,11740
20251212_134053,49271102,play,gaze_sample,1161,1172,,,card,2,3,1,1.png,,11799
20251212_134053,49271166,play,gaze_sample,1161,1172,,,card,2,3,1,1.png,,11863
20251212_134053,49271227,play,gaze_sample,1285,1049,,,card,2,3,1,1.png,,11925
20251212_134053,49271288,play,gaze_sample,1418,1049,,,card,2,3,1,1.png,,11985
20251212_134053,49271350,play,gaze_sample,1292,1021,,,card,2,3,1,1.png,,12047
20251212_134053,49271416,play,gaze_sample,1253,960,,,card,2,3,1,1.png,,12113
20251212_134053,49271476,play,gaze_sample,1253,960,,,card,2,3,1,1.png,,12173
20251212_134053,49271536,play,gaze_sample,1253,960,,,card,2,3,1,1.png,,12233
20251212_134053,49271605,play,gaze_sample,1219,900,,,card,2,3,1,1.png,,12302
20251212_134053,49271675,play,gaze_sample,1205,911,,,card,2,3,1,1.png,,12372
20251212_134053,49271738,play,gaze_sample,1142,860,,,card,2,3,1,1.png,,12435
20251212_134053,49271801,play,gaze_sample,1250,896,,,card,2,3,1,1.png,,12498
20251212_134053,49271856,play,gaze_sample,1226,896,,,card,2,3,1,1.png,,12553
20251212_134053,49271921,play,gaze_sample,1243,887,,,card,2,3,1,1.png,,12618
20251212_134053,49271987,play,gaze_sample,1243,887,,,card,2,3,1,1.png,,12684
20251212_134053,49272032,play,gaze_sample,1243,887,,,card,2,3,1,1.png,,12729
20251212_134053,49272110,play,gaze_sample,1230,868,,,card,2,3,1,1.png,,12807
20251212_134053,49272171,play,gaze_sample,1230,868,,,card,2,3,1,1.png,,12868
20251212_134053,49272236,play,gaze_sample,1230,868,,,card,2,3,1,1.png,,12933
20251212_134053,49272358,play,gaze_sample,1268,894,,,card,2,3,1,1.png,,13055
20251212_134053,49272420,play,gaze_sample,1249,877,,,card,2,3,1,1.png,,13117
20251212_134053,49272480,play,gaze_sample,1218,904,,,card,2,3,1,1.png,,13177
20251212_134053,49272539,play,gaze_sample,1043,902,,,card,2,2,4,4.png,,13236
20251212_134053,49272598,play,gaze_sample,1043,902,,,card,2,2,4,4.png,,13295
20251212_134053,49272635,play,click,936,936,1841,517,card,1,4,3,3.png,0,13312
20251212_134053,49272667,play,gaze_sample,806,940,,,card,2,2,4,4.png,,13364
20251212_134053,49272728,play,gaze_sample,645,949,,,card,2,2,4,4.png,,13425
20251212_134053,49272788,play,gaze_sample,532,977,,,card,2,1,3,3.png,,13485
20251212_134053,49272857,play,gaze_sample,516,1014,,,card,2,1,3,3.png,,13554
20251212_134053,49272919,play,gaze_sample,500,990,,,card,2,1,3,3.png,,13616
20251212_134053,49272989,play,gaze_sample,523,967,,,card,2,1,3,3.png,,13686
20251212_134053,49273040,play,gaze_sample,694,942,,,card,2,2,4,4.png,,13737
20251212_134053,49273104,play,gaze_sample,834,899,,,card,2,2,4,4.png,,13801
20251212_134053,49273175,play,gaze_sample,916,918,,,card,2,2,4,4.png,,13872
20251212_134053,49273237,play,gaze_sample,1053,902,,,card,2,2,4,4.png,,13934
20251212_134053,49273293,play,gaze_sample,937,897,,,card,2,2,4,4.png,,13990
20251212_134053,49273330,play,click,942,908,823,1039,card,2,2,4,4.png,0,14007
20251212_134053,49273353,play,gaze_sample,852,938,,,card,2,2,4,4.png,,14050
20251212_134053,49273419,play,gaze_sample,961,876,,,card,2,2,4,4.png,,14116
20251212_134053,49273492,play,gaze_sample,820,854,,,card,2,2,4,4.png,,14189
20251212_134053,49273543,play,gaze_sample,835,855,,,card,2,2,4,4.png,,14240
20251212_134053,49273606,play,gaze_sample,692,894,,,card,2,2,4,4.png,,14303
20251212_134053,49273670,play,gaze_sample,662,872,,,card,2,2,4,4.png,,14367
20251212_134053,49273736,play,gaze_sample,471,952,,,card,2,1,3,3.png,,14433
20251212_134053,49273791,play,gaze_sample,604,953,,,card,2,2,4,4.png,,14488
20251212_134053,49273848,play,gaze_sample,604,949,,,card,2,2,4,4.png,,14545
20251212_134053,49273912,play,gaze_sample,581,894,,,grid_frame,,,,,,14609
20251212_134053,49273975,play,gaze_sample,582,865,,,grid_frame,,,,,,14672
20251212_134053,49274038,play,gaze_sample,541,820,,,card,2,1,3,3.png,,14735
20251212_134053,49274104,play,gaze_sample,402,823,,,card,2,1,3,3.png,,14801
20251212_134053,49274160,play,gaze_sample,425,808,,,card,2,1,3,3.png,,14857
20251212_134053,49274241,play,gaze_sample,438,744,,,card,1,1,2,2.png,,14938
20251212_134053,49274293,play,gaze_sample,390,743,,,card,1,1,2,2.png,,14990
20251212_134053,49274357,play,gaze_sample,444,714,,,card,1,1,2,2.png,,15054
20251212_134053,49274416,play,gaze_sample,459,703,,,card,1,1,2,2.png,,15113
20251212_134053,49274491,play,gaze_sample,488,667,,,card,1,1,2,2.png,,15188
20251212_134053,49274539,play,gaze_sample,476,692,,,card,1,1,2,2.png,,15236
20251212_134053,49274606,play,gaze_sample,474,700,,,card,1,1,2,2.png,,15303
20251212_134053,49274660,play,gaze_sample,464,659,,,card,1,1,2,2.png,,15357
20251212_134053,49274738,play,gaze_sample,488,693,,,card,1,1,2,2.png,,15435
20251212_134053,49274786,play,gaze_sample,470,736,,,card,1,1,2,2.png,,15483
20251212_134053,49274854,play,gaze_sample,494,779,,,grid_frame,,,,,,15551
20251212_134053,49274922,play,gaze_sample,681,826,,,card,2,2,4,4.png,,15619
20251212_134053,49274974,play,gaze_sample,719,862,,,card,2,2,4,4.png,,15671
20251212_134053,49275039,play,gaze_sample,821,872,,,card,2,2,4,4.png,,15736
20251212_134053,49275102,play,gaze_sample,791,924,,,card,2,2,4,4.png,,15799
20251212_134053,49275163,play,gaze_sample,732,910,,,card,2,2,4,4.png,,15860
20251212_134053,49275226,play,gaze_sample,562,871,,,grid_frame,,,,,,15923
20251212_134053,49275285,play,gaze_sample,482,931,,,card,2,1,3,3.png,,15982
20251212_134053,49275346,play,gaze_sample,231,959,,,card,2,1,3,3.png,,16043
20251212_134053,49275369,play,click,125,972,823,517,card,1,2,4,4.png,1,16053
20251212_134053,49275409,play,gaze_sample,139,1077,,,card,2,1,3,3.png,,16106
20251212_134053,49275492,play,gaze_sample,61,1141,,,grid_frame,,,,,,16189
20251212_134053,49275542,play,gaze_sample,278,1146,,,card,2,1,3,3.png,,16239
20251212_134053,49275607,play,gaze_sample,310,1168,,,card,2,1,3,3.png,,16304
20251212_134053,49275679,play,click,390,1193,314,1039,card,2,1,3,3.png,0,16355
20251212_134053,49275703,play,gaze_sample,331,1179,,,card,2,1,3,3.png,,16400
20251212_134053,49275738,play,gaze_sample,303,1149,,,card,2,1,3,3.png,,16435
20251212_134053,49275787,play,gaze_sample,61,1170,,,grid_frame,,,,,,16484
20251212_134053,49275853,play,gaze_sample,86,1100,,,card,2,1,3,3.png,,16550
20251212_134053,49275921,play,gaze_sample,62,1076,,,grid_frame,,,,,,16618
20251212_134053,49275985,play,gaze_sample,42,1072,,,grid_frame,,,,,,16682
20251212_134053,49276040,play,gaze_sample,107,1040,,,card,2,1,3,3.png,,16737
20251212_134053,49276106,play,gaze_sample,154,977,,,card,2,1,3,3.png,,16803
20251212_134053,49276168,play,gaze_sample,385,1003,,,card,2,1,3,3.png,,16865
20251212_134053,49276226,play,gaze_sample,658,960,,,card,2,2,4,4.png,,16923
20251212_134053,49276288,play,gaze_sample,918,921,,,card,2,2,4,4.png,,16985
20251212_134053,49276352,play,gaze_sample,1052,880,,,card,2,2,4,4.png,,17049
20251212_134053,49276411,play,gaze_sample,1246,848,,,card,2,3,1,1.png,,17108
20251212_134053,49276488,play,gaze_sample,1290,806,,,card,2,3,1,1.png,,17185
20251212_134053,49276541,play,gaze_sample,1233,822,,,card,2,3,1,1.png,,17238
20251212_134053,49276604,play,gaze_sample,1265,820,,,card,2,3,1,1.png,,17301
20251212_134053,49276673,play,gaze_sample,1372,875,,,card,2,3,1,1.png,,17370
20251212_134053,49276737,play,gaze_sample,1352,928,,,card,2,3,1,1.png,,17434
20251212_134053,49276783,play,gaze_sample,1352,928,,,card,2,3,1,1.png,,17480
20251212_134053,49276857,play,gaze_sample,1263,955,,,card,2,3,1,1.png,,17554
20251212_134053,49276920,play,gaze_sample,1317,966,,,card,2,3,1,1.png,,17617
20251212_134053,49276990,play,gaze_sample,1265,901,,,card,2,3,1,1.png,,17687
20251212_134053,49277037,play,gaze_sample,1265,901,,,card,2,3,1,1.png,,17734
20251212_134053,49277111,play,gaze_sample,1270,846,,,card,2,3,1,1.png,,17808
20251212_134053,49277177,play,gaze_sample,1286,824,,,card,2,3,1,1.png,,17874
20251212_134053,49277232,play,gaze_sample,1229,759,,,grid_frame,,,,,,17929
20251212_134053,49277291,play,gaze_sample,1160,667,,,card,1,3,1,1.png,,17988
20251212_134053,49277357,play,gaze_sample,1097,646,,,grid_frame,,,,,,18054
20251212_134053,49277425,play,gaze_sample,971,674,,,card,1,2,4,4.png,,18122
20251212_134053,49277487,play,gaze_sample,991,700,,,card,1,2,4,4.png,,18184
20251212_134053,49277537,play,gaze_sample,984,720,,,card,1,2,4,4.png,,18234
20251212_134053,49277601,play,gaze_sample,974,739,,,card,1,2,4,4.png,,18298
20251212_134053,49277663,play,gaze_sample,1002,749,,,card,1,2,4,4.png,,18360
20251212_134053,49277694,play,click,1015,736,1841,517,card,1,4,3,3.png,1,18369
20251212_134053,49277740,play,gaze_sample,1002,658,,,card,1,2,4,4.png,,18437
20251212_134053,49277788,play,gaze_sample,1100,710,,,card,1,3,1,1.png,,18485
20251212_134053,49277849,play,click,1177,746,1332,517,card,1,3,1,1.png,0,18524
20251212_134053,49277874,play,gaze_sample,1261,826,,,card,2,3,1,1.png,,18571
20251212_134053,49277921,play,gaze_sample,1329,815,,,card,2,3,1,1.png,,18618
20251212_134053,49277991,play,gaze_sample,1295,834,,,card,2,3,1,1.png,,18688
20251212_134053,49278038,play,gaze_sample,1244,781,,,grid_frame,,,,,,18735
20251212_134053,49278111,play,gaze_sample,1153,729,,,card,1,3,1,1.png,,18808
20251212_134053,49278175,play,gaze_sample,1107,714,,,card,1,3,1,1.png,,18872
20251212_134053,49278231,play,gaze_sample,1013,748,,,card,1,2,4,4.png,,18928
20251212_134053,49278288,play,gaze_sample,973,837,,,card,2,2,4,4.png,,18985
20251212_134053,49278352,play,gaze_sample,1031,887,,,card,2,2,4,4.png,,19049
20251212_134053,49278418,play,gaze_sample,1073,952,,,grid_frame,,,,,,19115
20251212_134053,49278491,play,gaze_sample,1071,955,,,grid_frame,,,,,,19188
20251212_134053,49278539,play,gaze_sample,1030,1013,,,card,2,2,4,4.png,,19236
20251212_134053,49278608,play,gaze_sample,1056,916,,,card,2,2,4,4.png,,19305
20251212_134053,49278675,play,gaze_sample,1021,927,,,card,2,2,4,4.png,,19372
20251212_134053,49278741,play,gaze_sample,1019,921,,,card,2,2,4,4.png,,19438
20251212_134053,49278791,play,gaze_sample,944,947,,,card,2,2,4,4.png,,19488
20251212_134053,49278857,play,gaze_sample,1143,901,,,card,2,3,1,1.png,,19554
20251212_134053,49278927,play,gaze_sample,1180,983,,,card,2,3,1,1.png,,19624
20251212_134053,49278990,play,gaze_sample,1167,948,,,card,2,3,1,1.png,,19687
20251212_134053,49279039,play,gaze_sample,1176,960,,,card,2,3,1,1.png,,19736
20251212_134053,49279104,play,gaze_sample,1292,950,,,card,2,3,1,1.png,,19802
20251212_134053,49279173,play,gaze_sample,1140,943,,,card,2,3,1,1.png,,19870
20251212_134053,49279241,play,gaze_sample,1129,929,,,card,2,3,1,1.png,,19938
20251212_134053,49279289,play,gaze_sample,1173,962,,,card,2,3,1,1.png,,19986
20251212_134053,49279355,play,gaze_sample,1152,958,,,card,2,3,1,1.png,,20052
20251212_134053,49279421,play,gaze_sample,1028,952,,,card,2,2,4,4.png,,20119
20251212_134053,49279488,play,gaze_sample,1093,950,,,grid_frame,,,,,,20185
20251212_134053,49279540,play,gaze_sample,1099,949,,,card,2,3,1,1.png,,20237
20251212_134053,49279610,play,gaze_sample,1094,942,,,grid_frame,,,,,,20307
20251212_134053,49279678,play,gaze_sample,1166,935,,,card,2,3,1,1.png,,20375
20251212_134053,49279705,play,click,1265,894,1332,1039,card,2,3,1,1.png,1,20376
20251212_134053,49279705,play,phase_end,,,,,,,,,,,20402
