ms,x_gaze,y_gaze,valid,card_id_gaze,grid_position_gaze,x_click,y_click,flip,matched,card_id_click,grid_position_click
2,2260,449,0,-1,-1,-1,-1,-1,-1,-1,-1
26,2260,449,0,-1,-1,-1,-1,-1,-1,-1,-1
88,2289,465,1,-1,-1,-1,-1,-1,-1,-1,-1
131,2305,476,1,-1,-1,-1,-1,-1,-1,-1,-1
158,2310,486,1,-1,-1,-1,-1,-1,-1,-1,-1
183,2310,486,0,-1,-1,-1,-1,-1,-1,-1,-1
205,2310,486,0,-1,-1,-1,-1,-1,-1,-1,-1
228,2310,486,0,-1,-1,-1,-1,-1,-1,-1,-1
253,2310,486,0,-1,-1,-1,-1,-1,-1,-1,-1
276,2310,486,0,-1,-1,-1,-1,-1,-1,-1,-1
298,2310,486,0,-1,-1,-1,-1,-1,-1,-1,-1
321,2310,486,0,-1,-1,-1,-1,-1,-1,-1,-1
342,2305,489,1,-1,-1,-1,-1,-1,-1,-1,-1
378,2310,553,1,-1,-1,-1,-1,-1,-1,-1,-1
404,2310,553,0,-1,-1,-1,-1,-1,-1,-1,-1
429,2310,553,0,-1,-1,-1,-1,-1,-1,-1,-1
464,2310,553,0,-1,-1,-1,-1,-1,-1,-1,-1
495,2309,556,1,-1,-1,-1,-1,-1,-1,-1,-1
524,2309,556,0,-1,-1,-1,-1,-1,-1,-1,-1
556,2309,556,0,-1,-1,-1,-1,-1,-1,-1,-1
589,2309,556,0,-1,-1,-1,-1,-1,-1,-1,-1
623,2309,565,1,-1,-1,-1,-1,-1,-1,-1,-1
653,2309,565,0,-1,-1,-1,-1,-1,-1,-1,-1
683,2309,565,0,-1,-1,-1,-1,-1,-1,-1,-1
720,2270,600,1,-1,-1,-1,-1,-1,-1,-1,-1
751,2218,690,1,-1,-1,-1,-1,-1,-1,-1,-1
800,2138,729,1,-1,-1,-1,-1,-1,-1,-1,-1
833,2006,839,1,1,24,-1,-1,-1,-1,-1,-1
864,1862,938,1,1,24,-1,-1,-1,-1,-1,-1
896,1833,975,1,1,24,-1,-1,-1,-1,-1,-1
927,1806,981,1,1,24,-1,-1,-1,-1,-1,-1
960,1826,967,1,1,24,-1,-1,-1,-1,-1,-1
989,1826,967,0,1,24,-1,-1,-1,-1,-1,-1
1024,1899,902,1,1,24,-1,-1,-1,-1,-1,-1
1056,1969,846,1,1,24,-1,-1,-1,-1,-1,-1
1084,1897,844,1,1,24,-1,-1,-1,-1,-1,-1
1117,1830,808,1,1,24,-1,-1,-1,-1,-1,-1
1152,1756,779,1,-1,-1,-1,-1,-1,-1,-1,-1
1197,1670,785,1,-1,-1,-1,-1,-1,-1,-1,-1
1229,1607,787,1,-1,-1,-1,-1,-1,-1,-1,-1
1262,1610,770,1,-1,-1,-1,-1,-1,-1,-1,-1
1293,1639,751,1,1,14,-1,-1,-1,-1,-1,-1
1325,1639,751,0,1,14,-1,-1,-1,-1,-1,-1
1359,1639,751,0,1,14,-1,-1,-1,-1,-1,-1
1393,1639,751,0,1,14,-1,-1,-1,-1,-1,-1
1424,1639,751,0,1,14,-1,-1,-1,-1,-1,-1
1455,1639,751,0,1,14,-1,-1,-1,-1,-1,-1
1486,1708,725,1,1,14,-1,-1,-1,-1,-1,-1
1518,1708,725,0,1,14,-1,-1,-1,-1,-1,-1
1550,1708,725,0,1,14,-1,-1,-1,-1,-1,-1
1585,1708,725,0,1,14,-1,-1,-1,-1,-1,-1
1629,1708,725,0,1,14,-1,-1,-1,-1,-1,-1
1660,1786,698,1,1,14,-1,-1,-1,-1,-1,-1
1696,1862,678,1,1,14,-1,-1,-1,-1,-1,-1
1726,1862,678,0,1,14,-1,-1,-1,-1,-1,-1
1757,1862,678,0,1,14,-1,-1,-1,-1,-1,-1
1789,1932,689,1,1,14,-1,-1,-1,-1,-1,-1
1823,1919,739,1,1,14,-1,-1,-1,-1,-1,-1
1854,1854,781,1,-1,-1,-1,-1,-1,-1,-1,-1
1886,1782,840,1,1,24,-1,-1,-1,-1,-1,-1
1921,1764,889,1,1,24,-1,-1,-1,-1,-1,-1
1953,1764,889,0,1,24,-1,-1,-1,-1,-1,-1
1984,1778,895,1,1,24,-1,-1,-1,-1,-1,-1
2019,1861,845,1,1,24,-1,-1,-1,-1,-1,-1
2061,1861,845,0,1,24,-1,-1,-1,-1,-1,-1
2095,1948,801,1,-1,-1,-1,-1,-1,-1,-1,-1
2141,2041,731,1,1,14,-1,-1,-1,-1,-1,-1
2173,2041,731,0,1,14,-1,-1,-1,-1,-1,-1
2196,2041,731,0,1,14,-1,-1,-1,-1,-1,-1
2222,2084,670,1,-1,-1,-1,-1,-1,-1,-1,-1
2254,2084,670,0,-1,-1,-1,-1,-1,-1,-1,-1
2288,2084,670,0,-1,-1,-1,-1,-1,-1,-1,-1
2318,2075,660,1,1,14,-1,-1,-1,-1,-1,-1
2349,2073,680,1,1,14,-1,-1,-1,-1,-1,-1
2414,2073,680,0,1,14,-1,-1,-1,-1,-1,-1
2443,2073,680,0,1,14,-1,-1,-1,-1,-1,-1
2469,2064,719,1,1,14,-1,-1,-1,-1,-1,-1
2500,2032,830,1,1,24,-1,-1,-1,-1,-1,-1
2530,1987,941,1,1,24,-1,-1,-1,-1,-1,-1
2562,1970,999,1,1,24,-1,-1,-1,-1,-1,-1
2594,1947,1060,1,1,24,-1,-1,-1,-1,-1,-1
2625,1919,1110,1,1,24,-1,-1,-1,-1,-1,-1
2655,1903,1096,1,1,24,-1,-1,-1,-1,-1,-1
2686,1890,1082,1,1,24,-1,-1,-1,-1,-1,-1
2719,1886,1079,1,1,24,-1,-1,-1,-1,-1,-1
2748,1875,1063,1,1,24,-1,-1,-1,-1,-1,-1
2816,1880,1054,1,1,24,-1,-1,-1,-1,-1,-1
2841,1891,1046,1,1,24,-1,-1,-1,-1,-1,-1
2871,1911,1045,1,1,24,-1,-1,-1,-1,-1,-1
2902,1927,1038,1,1,24,-1,-1,-1,-1,-1,-1
2931,1931,1037,1,1,24,-1,-1,-1,-1,-1,-1
2964,1946,1057,1,1,24,-1,-1,-1,-1,-1,-1
2995,1936,1082,1,1,24,-1,-1,-1,-1,-1,-1
3025,1936,1094,1,1,24,-1,-1,-1,-1,-1,-1
3057,1917,1111,1,1,24,-1,-1,-1,-1,-1,-1
3088,1921,1121,1,1,24,-1,-1,-1,-1,-1,-1
3118,1906,1110,1,1,24,-1,-1,-1,-1,-1,-1
3181,1916,1090,1,1,24,-1,-1,-1,-1,-1,-1
3213,1909,1084,1,1,24,-1,-1,-1,-1,-1,-1
3245,1909,1072,1,1,24,-1,-1,-1,-1,-1,-1
3289,1898,1062,1,1,24,-1,-1,-1,-1,-1,-1
3319,1899,1055,1,1,24,-1,-1,-1,-1,-1,-1
3347,1897,1053,1,1,24,-1,-1,-1,-1,-1,-1
3372,1891,1044,1,1,24,-1,-1,-1,-1,-1,-1
3395,1889,1044,1,1,24,-1,-1,-1,-1,-1,-1
3421,1883,1044,1,1,24,-1,-1,-1,-1,-1,-1
3456,1881,1044,1,1,24,-1,-1,-1,-1,-1,-1
3486,1890,1043,1,1,24,-1,-1,-1,-1,-1,-1
3517,1890,1043,0,1,24,-1,-1,-1,-1,-1,-1
3549,1902,1049,1,1,24,-1,-1,-1,-1,-1,-1
3613,1923,1052,1,1,24,-1,-1,-1,-1,-1,-1
3648,1952,1055,1,1,24,-1,-1,-1,-1,-1,-1
3678,1967,1056,1,1,24,-1,-1,-1,-1,-1,-1
3706,1974,1058,1,1,24,-1,-1,-1,-1,-1,-1
3733,1977,1050,1,1,24,-1,-1,-1,-1,-1,-1
3761,1968,1043,1,1,24,-1,-1,-1,-1,-1,-1
3788,1966,1040,1,1,24,-1,-1,-1,-1,-1,-1
3822,1950,1041,1,1,24,-1,-1,-1,-1,-1,-1
3855,1929,1044,1,1,24,-1,-1,-1,-1,-1,-1
3886,1920,1015,1,1,24,-1,-1,-1,-1,-1,-1
3917,1859,1002,1,1,24,-1,-1,-1,-1,-1,-1
3983,1792,970,1,1,24,-1,-1,-1,-1,-1,-1
4014,1709,974,1,1,24,-1,-1,-1,-1,-1,-1
4044,1668,961,1,1,24,-1,-1,-1,-1,-1,-1
4080,1593,973,1,-1,-1,-1,-1,-1,-1,-1,-1
4115,1578,958,1,-1,-1,-1,-1,-1,-1,-1,-1
4144,1557,957,1,4,23,-1,-1,-1,-1,-1,-1
4170,1544,906,1,4,23,-1,-1,-1,-1,-1,-1
4194,1499,864,1,4,23,-1,-1,-1,-1,-1,-1
4225,1480,821,1,4,23,-1,-1,-1,-1,-1,-1
4256,1460,789,1,-1,-1,-1,-1,-1,-1,-1,-1
4288,1438,758,1,-1,-1,-1,-1,-1,-1,-1,-1
4319,1452,735,1,3,13,-1,-1,-1,-1,-1,-1
4380,1452,735,0,3,13,-1,-1,-1,-1,-1,-1
4413,1446,717,1,3,13,-1,-1,-1,-1,-1,-1
4447,1446,717,0,3,13,-1,-1,-1,-1,-1,-1
4477,1446,717,0,3,13,-1,-1,-1,-1,-1,-1
4509,1446,717,0,3,13,-1,-1,-1,-1,-1,-1
4537,1446,717,0,3,13,-1,-1,-1,-1,-1,-1
4568,1446,717,0,3,13,-1,-1,-1,-1,-1,-1
4600,1446,717,0,3,13,-1,-1,-1,-1,-1,-1
4631,1446,717,0,3,13,-1,-1,-1,-1,-1,-1
4662,1446,717,0,3,13,-1,-1,-1,-1,-1,-1
4692,1446,717,0,3,13,-1,-1,-1,-1,-1,-1
4723,1454,713,1,3,13,-1,-1,-1,-1,-1,-1
4754,1454,713,0,3,13,-1,-1,-1,-1,-1,-1
4813,1454,713,0,3,13,-1,-1,-1,-1,-1,-1
4849,1457,717,1,3,13,-1,-1,-1,-1,-1,-1
4879,1464,716,1,3,13,-1,-1,-1,-1,-1,-1
4910,1464,716,0,3,13,-1,-1,-1,-1,-1,-1
4941,1464,716,0,3,13,-1,-1,-1,-1,-1,-1
4988,1464,716,0,3,13,-1,-1,-1,-1,-1,-1
5011,1442,719,1,3,13,-1,-1,-1,-1,-1,-1
5039,1457,725,1,3,13,-1,-1,-1,-1,-1,-1
5068,1456,723,1,3,13,-1,-1,-1,-1,-1,-1
5098,1445,722,1,3,13,-1,-1,-1,-1,-1,-1
5129,1445,722,0,3,13,-1,-1,-1,-1,-1,-1
5180,1437,723,1,3,13,-1,-1,-1,-1,-1,-1
5212,1437,723,0,3,13,-1,-1,-1,-1,-1,-1
5247,1437,723,0,3,13,-1,-1,-1,-1,-1,-1
5278,1437,723,0,3,13,-1,-1,-1,-1,-1,-1
5309,1440,718,1,3,13,-1,-1,-1,-1,-1,-1
5341,1439,730,1,3,13,-1,-1,-1,-1,-1,-1
5377,1439,757,1,-1,-1,-1,-1,-1,-1,-1,-1
5411,1455,779,1,-1,-1,-1,-1,-1,-1,-1,-1
5441,1479,809,1,4,23,-1,-1,-1,-1,-1,-1
5471,1504,870,1,4,23,-1,-1,-1,-1,-1,-1
5502,1485,929,1,4,23,-1,-1,-1,-1,-1,-1
5534,1485,929,0,4,23,-1,-1,-1,-1,-1,-1
5581,1472,976,1,4,23,-1,-1,-1,-1,-1,-1
5612,1438,1024,1,4,23,-1,-1,-1,-1,-1,-1
5649,1414,1077,1,4,23,-1,-1,-1,-1,-1,-1
5679,1374,1097,1,4,23,-1,-1,-1,-1,-1,-1
5708,1365,1095,1,4,23,-1,-1,-1,-1,-1,-1
5741,1347,1108,1,4,23,-1,-1,-1,-1,-1,-1
5773,1363,1113,1,4,23,-1,-1,-1,-1,-1,-1
5806,1344,1111,1,4,23,-1,-1,-1,-1,-1,-1
5830,1345,1116,1,4,23,-1,-1,-1,-1,-1,-1
5860,1350,1130,1,4,23,-1,-1,-1,-1,-1,-1
5890,1381,1128,1,4,23,-1,-1,-1,-1,-1,-1
5923,1373,1135,1,4,23,-1,-1,-1,-1,-1,-1
5955,1395,1155,1,4,23,-1,-1,-1,-1,-1,-1
6012,1420,1151,1,4,23,-1,-1,-1,-1,-1,-1
6048,1456,1151,1,4,23,-1,-1,-1,-1,-1,-1
6078,1440,1153,1,4,23,-1,-1,-1,-1,-1,-1
6108,1439,1148,1,4,23,-1,-1,-1,-1,-1,-1
6144,1424,1136,1,4,23,-1,-1,-1,-1,-1,-1
6183,1387,1145,1,4,23,-1,-1,-1,-1,-1,-1
6210,1344,1142,1,4,23,-1,-1,-1,-1,-1,-1
6235,1331,1138,1,4,23,-1,-1,-1,-1,-1,-1
6262,1351,1140,1,4,23,-1,-1,-1,-1,-1,-1
6288,1333,1140,1,4,23,-1,-1,-1,-1,-1,-1
6317,1352,1142,1,4,23,-1,-1,-1,-1,-1,-1
6352,1350,1154,1,4,23,-1,-1,-1,-1,-1,-1
6413,1346,1164,1,4,23,-1,-1,-1,-1,-1,-1
6448,1344,1160,1,4,23,-1,-1,-1,-1,-1,-1
6477,1357,1162,1,4,23,-1,-1,-1,-1,-1,-1
6509,1388,1144,1,4,23,-1,-1,-1,-1,-1,-1
6544,1434,1132,1,4,23,-1,-1,-1,-1,-1,-1
6574,1433,1057,1,4,23,-1,-1,-1,-1,-1,-1
6605,1472,987,1,4,23,-1,-1,-1,-1,-1,-1
6641,1515,938,1,4,23,-1,-1,-1,-1,-1,-1
6666,1521,907,1,4,23,-1,-1,-1,-1,-1,-1
6693,1501,888,1,4,23,-1,-1,-1,-1,-1,-1
6720,1533,935,1,4,23,-1,-1,-1,-1,-1,-1
6782,1533,935,0,4,23,-1,-1,-1,-1,-1,-1
6813,1444,1022,1,4,23,-1,-1,-1,-1,-1,-1
6845,1359,1074,1,4,23,-1,-1,-1,-1,-1,-1
6877,1273,1121,1,4,23,-1,-1,-1,-1,-1,-1
6908,1187,1152,1,4,23,-1,-1,-1,-1,-1,-1
6944,1096,1173,1,-1,-1,-1,-1,-1,-1,-1,-1
6975,1110,1163,1,4,23,-1,-1,-1,-1,-1,-1
7032,1141,1159,1,4,23,-1,-1,-1,-1,-1,-1
7059,1162,1163,1,4,23,-1,-1,-1,-1,-1,-1
7084,1214,1161,1,4,23,-1,-1,-1,-1,-1,-1
7109,1266,1165,1,4,23,-1,-1,-1,-1,-1,-1
7138,1264,1166,1,4,23,-1,-1,-1,-1,-1,-1
7183,1210,1168,1,4,23,-1,-1,-1,-1,-1,-1
7213,1155,1177,1,4,23,-1,-1,-1,-1,-1,-1
7246,1077,1182,1,-1,-1,-1,-1,-1,-1,-1,-1
7279,1077,1182,0,-1,-1,-1,-1,-1,-1,-1,-1
7309,999,1186,1,2,22,-1,-1,-1,-1,-1,-1
7341,942,1189,1,2,22,-1,-1,-1,-1,-1,-1
7373,932,1192,1,2,22,-1,-1,-1,-1,-1,-1
7405,945,1189,1,2,22,-1,-1,-1,-1,-1,-1
7439,961,1191,1,2,22,-1,-1,-1,-1,-1,-1
7469,962,1190,1,2,22,-1,-1,-1,-1,-1,-1
7501,948,1187,1,2,22,-1,-1,-1,-1,-1,-1
7536,932,1183,1,2,22,-1,-1,-1,-1,-1,-1
7581,886,1176,1,2,22,-1,-1,-1,-1,-1,-1
7613,865,1171,1,2,22,-1,-1,-1,-1,-1,-1
7647,843,1171,1,2,22,-1,-1,-1,-1,-1,-1
7678,822,1170,1,2,22,-1,-1,-1,-1,-1,-1
7709,818,1169,1,2,22,-1,-1,-1,-1,-1,-1
7741,829,1169,1,2,22,-1,-1,-1,-1,-1,-1
7778,809,1167,1,2,22,-1,-1,-1,-1,-1,-1
7805,805,1165,1,2,22,-1,-1,-1,-1,-1,-1
7837,802,1164,1,2,22,-1,-1,-1,-1,-1,-1
7869,788,1164,1,2,22,-1,-1,-1,-1,-1,-1
7903,783,1167,1,2,22,-1,-1,-1,-1,-1,-1
7927,794,1172,1,2,22,-1,-1,-1,-1,-1,-1
7980,815,1170,1,2,22,-1,-1,-1,-1,-1,-1
8025,822,1178,1,2,22,-1,-1,-1,-1,-1,-1
8053,839,1180,1,2,22,-1,-1,-1,-1,-1,-1
8085,858,1184,1,2,22,-1,-1,-1,-1,-1,-1
8113,858,1184,0,2,22,-1,-1,-1,-1,-1,-1
8143,856,1179,1,2,22,-1,-1,-1,-1,-1,-1
8175,859,1174,1,2,22,-1,-1,-1,-1,-1,-1
8206,886,1169,1,2,22,-1,-1,-1,-1,-1,-1
8237,897,1169,1,2,22,-1,-1,-1,-1,-1,-1
8271,893,1169,1,2,22,-1,-1,-1,-1,-1,-1
8301,893,1169,0,2,22,-1,-1,-1,-1,-1,-1
8333,919,1172,1,2,22,-1,-1,-1,-1,-1,-1
8367,919,1172,0,2,22,-1,-1,-1,-1,-1,-1
8411,917,1172,1,2,22,-1,-1,-1,-1,-1,-1
8444,888,1158,1,2,22,-1,-1,-1,-1,-1,-1
8478,878,1143,1,2,22,-1,-1,-1,-1,-1,-1
8510,861,1099,1,2,22,-1,-1,-1,-1,-1,-1
8540,834,1053,1,2,22,-1,-1,-1,-1,-1,-1
8575,821,1003,1,2,22,-1,-1,-1,-1,-1,-1
8609,816,959,1,2,22,-1,-1,-1,-1,-1,-1
8641,792,908,1,2,22,-1,-1,-1,-1,-1,-1
8671,779,884,1,2,22,-1,-1,-1,-1,-1,-1
8704,791,867,1,2,22,-1,-1,-1,-1,-1,-1
8733,786,861,1,2,22,-1,-1,-1,-1,-1,-1
8769,798,857,1,2,22,-1,-1,-1,-1,-1,-1
8797,813,856,1,2,22,-1,-1,-1,-1,-1,-1
8845,825,853,1,2,22,-1,-1,-1,-1,-1,-1
8877,805,851,1,2,22,-1,-1,-1,-1,-1,-1
8911,811,851,1,2,22,-1,-1,-1,-1,-1,-1
8941,810,849,1,2,22,-1,-1,-1,-1,-1,-1
8973,809,843,1,2,22,-1,-1,-1,-1,-1,-1
9004,804,851,1,2,22,-1,-1,-1,-1,-1,-1
9039,817,858,1,2,22,-1,-1,-1,-1,-1,-1
9069,815,861,1,2,22,-1,-1,-1,-1,-1,-1
9101,813,867,1,2,22,-1,-1,-1,-1,-1,-1
9134,817,877,1,2,22,-1,-1,-1,-1,-1,-1
9165,826,875,1,2,22,-1,-1,-1,-1,-1,-1
9197,818,871,1,2,22,-1,-1,-1,-1,-1,-1
9246,824,868,1,2,22,-1,-1,-1,-1,-1,-1
9278,819,868,1,2,22,-1,-1,-1,-1,-1,-1
9309,821,862,1,2,22,-1,-1,-1,-1,-1,-1
9352,810,855,1,2,22,-1,-1,-1,-1,-1,-1
9384,814,842,1,2,22,-1,-1,-1,-1,-1,-1
9409,828,825,1,2,22,-1,-1,-1,-1,-1,-1
9438,853,804,1,-1,-1,-1,-1,-1,-1,-1,-1
9468,844,785,1,-1,-1,-1,-1,-1,-1,-1,-1
9501,862,767,1,-1,-1,-1,-1,-1,-1,-1,-1
9535,849,759,1,-1,-1,-1,-1,-1,-1,-1,-1
9564,823,757,1,-1,-1,-1,-1,-1,-1,-1,-1
9596,804,751,1,4,12,-1,-1,-1,-1,-1,-1
9630,811,755,1,-1,-1,-1,-1,-1,-1,-1,-1
9677,809,757,1,-1,-1,-1,-1,-1,-1,-1,-1
9709,844,783,1,-1,-1,-1,-1,-1,-1,-1,-1
9741,926,837,1,2,22,-1,-1,-1,-1,-1,-1
9776,986,881,1,2,22,-1,-1,-1,-1,-1,-1
9805,1021,926,1,2,22,-1,-1,-1,-1,-1,-1
9836,1037,967,1,2,22,-1,-1,-1,-1,-1,-1
9868,1042,978,1,2,22,-1,-1,-1,-1,-1,-1
9905,1026,961,1,2,22,-1,-1,-1,-1,-1,-1
9934,1115,939,1,4,23,-1,-1,-1,-1,-1,-1
9965,1227,915,1,4,23,-1,-1,-1,-1,-1,-1
9997,1323,909,1,4,23,-1,-1,-1,-1,-1,-1
10032,1386,896,1,4,23,-1,-1,-1,-1,-1,-1
10062,1414,878,1,4,23,-1,-1,-1,-1,-1,-1
10111,1367,867,1,4,23,-1,-1,-1,-1,-1,-1
10144,1309,842,1,4,23,-1,-1,-1,-1,-1,-1
10190,1292,797,1,-1,-1,-1,-1,-1,-1,-1,-1
10216,1272,774,1,-1,-1,-1,-1,-1,-1,-1,-1
10250,1217,771,1,-1,-1,-1,-1,-1,-1,-1,-1
10278,1155,774,1,-1,-1,-1,-1,-1,-1,-1,-1
10303,1117,808,1,4,23,-1,-1,-1,-1,-1,-1
10336,1143,849,1,4,23,-1,-1,-1,-1,-1,-1
10367,1223,875,1,4,23,-1,-1,-1,-1,-1,-1
10399,1345,890,1,4,23,-1,-1,-1,-1,-1,-1
10430,1435,932,1,4,23,-1,-1,-1,-1,-1,-1
10462,1530,956,1,4,23,-1,-1,-1,-1,-1,-1
10493,1520,1016,1,4,23,-1,-1,-1,-1,-1,-1
10544,1480,1066,1,4,23,-1,-1,-1,-1,-1,-1
10573,1440,1105,1,4,23,-1,-1,-1,-1,-1,-1
10606,1435,1127,1,4,23,-1,-1,-1,-1,-1,-1
10640,1387,1143,1,4,23,-1,-1,-1,-1,-1,-1
10669,1398,1132,1,4,23,-1,-1,-1,-1,-1,-1
10702,1398,1136,1,4,23,-1,-1,-1,-1,-1,-1
10735,1398,1136,0,4,23,-1,-1,-1,-1,-1,-1
10768,1379,1139,1,4,23,-1,-1,-1,-1,-1,-1
10799,1377,1139,1,4,23,-1,-1,-1,-1,-1,-1
10830,1352,1134,1,4,23,-1,-1,-1,-1,-1,-1
10862,1332,1130,1,4,23,-1,-1,-1,-1,-1,-1
10894,1341,1127,1,4,23,-1,-1,-1,-1,-1,-1
10942,1366,1127,1,4,23,-1,-1,-1,-1,-1,-1
10974,1345,1120,1,4,23,-1,-1,-1,-1,-1,-1
11007,1385,1125,1,4,23,-1,-1,-1,-1,-1,-1
11037,1393,1123,1,4,23,-1,-1,-1,-1,-1,-1
11069,1384,1118,1,4,23,-1,-1,-1,-1,-1,-1
11102,1366,1111,1,4,23,-1,-1,-1,-1,-1,-1
11142,1372,1113,1,4,23,-1,-1,-1,-1,-1,-1
11173,1370,1107,1,4,23,-1,-1,-1,-1,-1,-1
11204,1373,1099,1,4,23,-1,-1,-1,-1,-1,-1
11235,1390,1093,1,4,23,-1,-1,-1,-1,-1,-1
11265,1405,1086,1,4,23,-1,-1,-1,-1,-1,-1
11297,1413,1077,1,4,23,-1,-1,-1,-1,-1,-1
11328,1415,1085,1,4,23,-1,-1,-1,-1,-1,-1
11374,1420,1083,1,4,23,-1,-1,-1,-1,-1,-1
11405,1437,1091,1,4,23,-1,-1,-1,-1,-1,-1
11437,1452,1100,1,4,23,-1,-1,-1,-1,-1,-1
11469,1444,1104,1,4,23,-1,-1,-1,-1,-1,-1
11502,1367,1080,1,4,23,-1,-1,-1,-1,-1,-1
11533,1256,1054,1,4,23,-1,-1,-1,-1,-1,-1
11568,1256,1054,0,4,23,-1,-1,-1,-1,-1,-1
11597,1125,1003,1,4,23,-1,-1,-1,-1,-1,-1
11629,1006,951,1,2,22,-1,-1,-1,-1,-1,-1
11663,909,899,1,2,22,-1,-1,-1,-1,-1,-1
11693,839,871,1,2,22,-1,-1,-1,-1,-1,-1
11725,829,844,1,2,22,-1,-1,-1,-1,-1,-1
11758,828,828,1,2,22,-1,-1,-1,-1,-1,-1
11804,819,810,1,2,22,-1,-1,-1,-1,-1,-1
11837,835,794,1,-1,-1,-1,-1,-1,-1,-1,-1
11872,835,794,0,-1,-1,-1,-1,-1,-1,-1,-1
11904,871,774,1,-1,-1,-1,-1,-1,-1,-1,-1
11937,853,780,1,-1,-1,-1,-1,-1,-1,-1,-1
11967,840,779,1,-1,-1,-1,-1,-1,-1,-1,-1
11999,828,780,1,-1,-1,-1,-1,-1,-1,-1,-1
12030,798,782,1,-1,-1,-1,-1,-1,-1,-1,-1
12062,783,781,1,-1,-1,-1,-1,-1,-1,-1,-1
12095,783,781,0,-1,-1,-1,-1,-1,-1,-1,-1
12125,808,769,1,-1,-1,-1,-1,-1,-1,-1,-1
12157,823,769,1,-1,-1,-1,-1,-1,-1,-1,-1
12188,836,771,1,-1,-1,-1,-1,-1,-1,-1,-1
12238,850,775,1,-1,-1,-1,-1,-1,-1,-1,-1
12269,857,775,1,-1,-1,-1,-1,-1,-1,-1,-1
12312,857,775,0,-1,-1,-1,-1,-1,-1,-1,-1
12340,841,768,1,-1,-1,-1,-1,-1,-1,-1,-1
12370,830,756,1,-1,-1,-1,-1,-1,-1,-1,-1
12397,840,751,1,4,12,-1,-1,-1,-1,-1,-1
12429,834,742,1,4,12,-1,-1,-1,-1,-1,-1
12463,836,734,1,4,12,-1,-1,-1,-1,-1,-1
12493,833,727,1,4,12,-1,-1,-1,-1,-1,-1
12525,842,727,1,4,12,-1,-1,-1,-1,-1,-1
12559,819,721,1,4,12,-1,-1,-1,-1,-1,-1
12589,822,731,1,4,12,-1,-1,-1,-1,-1,-1
12637,862,780,1,-1,-1,-1,-1,-1,-1,-1,-1
12669,975,812,1,2,22,-1,-1,-1,-1,-1,-1
12703,1090,847,1,-1,-1,-1,-1,-1,-1,-1,-1
12734,1207,902,1,4,23,-1,-1,-1,-1,-1,-1
12765,1288,939,1,4,23,-1,-1,-1,-1,-1,-1
12798,1281,935,1,4,23,-1,-1,-1,-1,-1,-1
12829,1178,937,1,4,23,-1,-1,-1,-1,-1,-1
12861,1045,917,1,2,22,-1,-1,-1,-1,-1,-1
12893,937,871,1,2,22,-1,-1,-1,-1,-1,-1
12927,849,827,1,2,22,-1,-1,-1,-1,-1,-1
12957,849,827,0,2,22,-1,-1,-1,-1,-1,-1
12989,727,808,1,2,22,-1,-1,-1,-1,-1,-1
13021,636,803,1,-1,-1,-1,-1,-1,-1,-1,-1
13070,557,815,1,-1,-1,-1,-1,-1,-1,-1,-1
13100,454,826,1,3,21,-1,-1,-1,-1,-1,-1
13133,362,838,1,3,21,-1,-1,-1,-1,-1,-1
13169,364,825,1,3,21,-1,-1,-1,-1,-1,-1
13198,402,819,1,3,21,-1,-1,-1,-1,-1,-1
13229,451,807,1,3,21,-1,-1,-1,-1,-1,-1
13262,521,802,1,-1,-1,-1,-1,-1,-1,-1,-1
13292,586,795,1,-1,-1,-1,-1,-1,-1,-1,-1
13325,641,787,1,-1,-1,-1,-1,-1,-1,-1,-1
13357,660,772,1,-1,-1,-1,-1,-1,-1,-1,-1
13389,667,764,1,-1,-1,-1,-1,-1,-1,-1,-1
13421,630,769,1,-1,-1,-1,-1,-1,-1,-1,-1
13453,583,775,1,-1,-1,-1,-1,-1,-1,-1,-1
13502,528,782,1,-1,-1,-1,-1,-1,-1,-1,-1
13537,468,799,1,-1,-1,-1,-1,-1,-1,-1,-1
13568,407,809,1,3,21,-1,-1,-1,-1,-1,-1
13598,395,805,1,-1,-1,-1,-1,-1,-1,-1,-1
13629,376,808,1,3,21,-1,-1,-1,-1,-1,-1
13664,371,813,1,3,21,-1,-1,-1,-1,-1,-1
13694,372,811,1,3,21,-1,-1,-1,-1,-1,-1
13724,382,809,1,3,21,-1,-1,-1,-1,-1,-1
13757,381,809,1,3,21,-1,-1,-1,-1,-1,-1
13789,392,808,1,3,21,-1,-1,-1,-1,-1,-1
13821,391,807,1,3,21,-1,-1,-1,-1,-1,-1
13853,392,804,1,-1,-1,-1,-1,-1,-1,-1,-1
13893,389,802,1,-1,-1,-1,-1,-1,-1,-1,-1
13933,390,796,1,-1,-1,-1,-1,-1,-1,-1,-1
13968,390,796,0,-1,-1,-1,-1,-1,-1,-1,-1
13997,392,783,1,-1,-1,-1,-1,-1,-1,-1,-1
14029,400,767,1,-1,-1,-1,-1,-1,-1,-1,-1
14061,403,755,1,-1,-1,-1,-1,-1,-1,-1,-1
14094,414,744,1,2,11,-1,-1,-1,-1,-1,-1
14126,417,731,1,2,11,-1,-1,-1,-1,-1,-1
14157,417,732,1,2,11,-1,-1,-1,-1,-1,-1
14190,524,752,1,-1,-1,-1,-1,-1,-1,-1,-1
14221,733,772,1,-1,-1,-1,-1,-1,-1,-1,-1
14253,939,798,1,-1,-1,-1,-1,-1,-1,-1,-1
14287,1157,816,1,4,23,-1,-1,-1,-1,-1,-1
14334,1324,874,1,4,23,-1,-1,-1,-1,-1,-1
14365,1335,923,1,4,23,-1,-1,-1,-1,-1,-1
14398,1199,949,1,4,23,-1,-1,-1,-1,-1,-1
14429,1031,964,1,2,22,-1,-1,-1,-1,-1,-1
14461,856,989,1,2,22,-1,-1,-1,-1,-1,-1
14494,764,975,1,2,22,-1,-1,-1,-1,-1,-1
14525,740,986,1,2,22,-1,-1,-1,-1,-1,-1
14559,755,1016,1,2,22,-1,-1,-1,-1,-1,-1
14589,793,1049,1,2,22,-1,-1,-1,-1,-1,-1
14621,826,1082,1,2,22,-1,-1,-1,-1,-1,-1
14655,821,1108,1,2,22,-1,-1,-1,-1,-1,-1
14684,809,1104,1,2,22,-1,-1,-1,-1,-1,-1
14717,783,1109,1,2,22,-1,-1,-1,-1,-1,-1
14766,775,1118,1,2,22,-1,-1,-1,-1,-1,-1
14799,780,1136,1,2,22,-1,-1,-1,-1,-1,-1
14830,801,1152,1,2,22,-1,-1,-1,-1,-1,-1
14862,807,1161,1,2,22,-1,-1,-1,-1,-1,-1
14893,866,1159,1,2,22,-1,-1,-1,-1,-1,-1
14925,871,1151,1,2,22,-1,-1,-1,-1,-1,-1
14960,887,1136,1,2,22,-1,-1,-1,-1,-1,-1
14990,902,1135,1,2,22,-1,-1,-1,-1,-1,-1
15021,903,1134,1,2,22,-1,-1,-1,-1,-1,-1
15053,880,1141,1,2,22,-1,-1,-1,-1,-1,-1
15088,898,1152,1,2,22,-1,-1,-1,-1,-1,-1
15120,876,1154,1,2,22,-1,-1,-1,-1,-1,-1
15148,849,1143,1,2,22,-1,-1,-1,-1,-1,-1
15198,861,1145,1,2,22,-1,-1,-1,-1,-1,-1
15232,856,1145,1,2,22,-1,-1,-1,-1,-1,-1
15263,856,1141,1,2,22,-1,-1,-1,-1,-1,-1
15294,859,1153,1,2,22,-1,-1,-1,-1,-1,-1
15340,872,1159,1,2,22,-1,-1,-1,-1,-1,-1
15368,876,1151,1,2,22,-1,-1,-1,-1,-1,-1
15392,875,1139,1,2,22,-1,-1,-1,-1,-1,-1
15424,873,1137,1,2,22,-1,-1,-1,-1,-1,-1
15453,895,1137,1,2,22,-1,-1,-1,-1,-1,-1
15485,907,1139,1,2,22,-1,-1,-1,-1,-1,-1
15519,879,1143,1,2,22,-1,-1,-1,-1,-1,-1
15548,879,1152,1,2,22,-1,-1,-1,-1,-1,-1
15581,877,1152,1,2,22,-1,-1,-1,-1,-1,-1
15628,862,1139,1,2,22,-1,-1,-1,-1,-1,-1
15660,854,1147,1,2,22,-1,-1,-1,-1,-1,-1
15693,863,1167,1,2,22,-1,-1,-1,-1,-1,-1
15727,803,1172,1,2,22,-1,-1,-1,-1,-1,-1
15759,736,1197,1,2,22,-1,-1,-1,-1,-1,-1
15788,671,1221,1,2,22,-1,-1,-1,-1,-1,-1
15821,595,1222,1,2,22,-1,-1,-1,-1,-1,-1
15854,529,1218,1,3,21,-1,-1,-1,-1,-1,-1
15885,505,1224,1,3,21,-1,-1,-1,-1,-1,-1
15920,494,1211,1,3,21,-1,-1,-1,-1,-1,-1
15950,494,1211,0,3,21,-1,-1,-1,-1,-1,-1
15981,486,1207,1,3,21,-1,-1,-1,-1,-1,-1
16029,486,1207,0,3,21,-1,-1,-1,-1,-1,-1
16063,474,1209,1,3,21,-1,-1,-1,-1,-1,-1
16093,464,1205,1,3,21,-1,-1,-1,-1,-1,-1
16125,464,1205,0,3,21,-1,-1,-1,-1,-1,-1
16160,479,1204,1,3,21,-1,-1,-1,-1,-1,-1
16189,483,1197,1,3,21,-1,-1,-1,-1,-1,-1
16221,486,1192,1,3,21,-1,-1,-1,-1,-1,-1
16253,487,1185,1,3,21,-1,-1,-1,-1,-1,-1
16286,491,1185,1,3,21,-1,-1,-1,-1,-1,-1
16318,484,1181,1,3,21,-1,-1,-1,-1,-1,-1
16382,476,1184,1,3,21,-1,-1,-1,-1,-1,-1
16415,469,1181,1,3,21,-1,-1,-1,-1,-1,-1
16462,475,1182,1,3,21,-1,-1,-1,-1,-1,-1
16490,470,1171,1,3,21,-1,-1,-1,-1,-1,-1
16514,471,1164,1,3,21,-1,-1,-1,-1,-1,-1
16541,479,1165,1,3,21,-1,-1,-1,-1,-1,-1
16570,479,1165,0,3,21,-1,-1,-1,-1,-1,-1
16602,487,1164,1,3,21,-1,-1,-1,-1,-1,-1
16632,477,1164,1,3,21,-1,-1,-1,-1,-1,-1
16663,476,1170,1,3,21,-1,-1,-1,-1,-1,-1
16695,474,1179,1,3,21,-1,-1,-1,-1,-1,-1
16726,476,1183,1,3,21,-1,-1,-1,-1,-1,-1
16783,482,1180,1,3,21,-1,-1,-1,-1,-1,-1
16814,498,1173,1,3,21,-1,-1,-1,-1,-1,-1
16838,514,1164,1,3,21,-1,-1,-1,-1,-1,-1
16867,517,1160,1,3,21,-1,-1,-1,-1,-1,-1
16897,491,1140,1,3,21,-1,-1,-1,-1,-1,-1
16928,472,1129,1,3,21,-1,-1,-1,-1,-1,-1
16961,555,1097,1,-1,-1,-1,-1,-1,-1,-1,-1
16992,709,1034,1,2,22,-1,-1,-1,-1,-1,-1
17025,882,946,1,2,22,-1,-1,-1,-1,-1,-1
17053,1080,873,1,-1,-1,-1,-1,-1,-1,-1,-1
17088,1264,795,1,-1,-1,-1,-1,-1,-1,-1,-1
17118,1264,795,0,-1,-1,-1,-1,-1,-1,-1,-1
17183,1333,737,1,3,13,-1,-1,-1,-1,-1,-1
17215,1333,737,0,3,13,-1,-1,-1,-1,-1,-1
17245,1333,737,0,3,13,-1,-1,-1,-1,-1,-1
17271,1333,737,0,3,13,-1,-1,-1,-1,-1,-1
17303,1333,737,0,3,13,-1,-1,-1,-1,-1,-1
17334,1348,707,1,3,13,-1,-1,-1,-1,-1,-1
17365,1348,707,0,3,13,-1,-1,-1,-1,-1,-1
17396,1348,707,0,3,13,-1,-1,-1,-1,-1,-1
17427,1348,707,0,3,13,-1,-1,-1,-1,-1,-1
17457,1348,707,0,3,13,-1,-1,-1,-1,-1,-1
17489,1354,685,1,3,13,-1,-1,-1,-1,-1,-1
17519,1364,665,1,3,13,-1,-1,-1,-1,-1,-1
17582,1374,649,1,3,13,-1,-1,-1,-1,-1,-1
17612,1398,640,1,3,13,-1,-1,-1,-1,-1,-1
17648,1398,640,0,3,13,-1,-1,-1,-1,-1,-1
17672,1398,640,0,3,13,-1,-1,-1,-1,-1,-1
17703,1398,640,0,3,13,-1,-1,-1,-1,-1,-1
17735,1398,640,0,3,13,-1,-1,-1,-1,-1,-1
17764,1398,640,0,3,13,-1,-1,-1,-1,-1,-1
17796,1398,640,0,3,13,-1,-1,-1,-1,-1,-1
17827,1398,640,0,3,13,-1,-1,-1,-1,-1,-1
17857,1398,640,0,3,13,-1,-1,-1,-1,-1,-1
17889,1398,640,0,3,13,-1,-1,-1,-1,-1,-1
17919,1398,640,0,3,13,-1,-1,-1,-1,-1,-1
17950,1398,640,0,3,13,-1,-1,-1,-1,-1,-1
18013,1398,640,0,3,13,-1,-1,-1,-1,-1,-1
18047,1398,640,0,3,13,-1,-1,-1,-1,-1,-1
18077,1398,640,0,3,13,-1,-1,-1,-1,-1,-1
18100,1398,640,0,3,13,-1,-1,-1,-1,-1,-1
18122,1398,640,0,3,13,-1,-1,-1,-1,-1,-1
18159,1398,640,0,3,13,-1,-1,-1,-1,-1,-1
18189,1398,640,0,3,13,-1,-1,-1,-1,-1,-1
18221,1382,658,1,3,13,-1,-1,-1,-1,-1,-1
18253,1428,684,1,3,13,-1,-1,-1,-1,-1,-1
18285,1396,721,1,3,13,-1,-1,-1,-1,-1,-1
18317,1424,756,1,-1,-1,-1,-1,-1,-1,-1,-1
18380,1424,756,0,-1,-1,-1,-1,-1,-1,-1,-1
18413,1424,756,0,-1,-1,-1,-1,-1,-1,-1,-1
18444,1424,756,0,-1,-1,-1,-1,-1,-1,-1,-1
18477,1424,756,0,-1,-1,-1,-1,-1,-1,-1,-1
18512,1424,756,0,-1,-1,-1,-1,-1,-1,-1,-1
18532,1424,756,0,-1,-1,-1,-1,-1,-1,-1,-1
18553,1424,756,0,-1,-1,-1,-1,-1,-1,-1,-1
18591,1424,756,0,-1,-1,-1,-1,-1,-1,-1,-1
18621,1362,751,1,3,13,-1,-1,-1,-1,-1,-1
18653,1362,751,0,3,13,-1,-1,-1,-1,-1,-1
18687,1362,751,0,3,13,-1,-1,-1,-1,-1,-1
18717,1334,684,1,3,13,-1,-1,-1,-1,-1,-1
18782,1303,684,1,3,13,-1,-1,-1,-1,-1,-1
